"Month","Day","Cause","Deaths","Date","highlightColor","time_step"
2,1,"Salmonella infections",0.137931034482759,2020-02-01,3,1
2,1,"Shigellosis and amebiasis",0.0344827586206897,2020-02-01,3,1
2,1,"Certain Intestinal Infections (other)",25.1379310344828,2020-02-01,3,1
2,1,"Tuberculosis",2.06896551724138,2020-02-01,3,1
2,1,"Meningococcal infection",0.137931034482759,2020-02-01,3,1
2,1,"Septicemia",126.206896551724,2020-02-01,3,1
2,1,"Syphilis",0.275862068965517,2020-02-01,3,1
2,1,"Viral hepatitis",14.7241379310345,2020-02-01,3,1
2,1,"HIV/AIDS",15.6896551724138,2020-02-01,3,1
2,1,"Infectious & Parasitic Diseases (other)",30.2068965517241,2020-02-01,3,1
2,1,"Cancer",1601.62068965517,2020-02-01,3,1
2,1,"Other Cancers",43.1379310344828,2020-02-01,3,1
2,1,"Anemias",15.1379310344828,2020-02-01,3,1
2,1,"Diabetes",242.344827586207,2020-02-01,3,1
2,1,"Nutritional deficiencies",26.0689655172414,2020-02-01,3,1
2,1,"Meningitis",2.24137931034483,2020-02-01,3,1
2,1,"Parkinson disease",96.1724137931034,2020-02-01,3,1
2,1,"Alzheimer's Disease",366.310344827586,2020-02-01,3,1
2,1,"Heart Disease",2484.86206896552,2020-02-01,3,1
2,1,"Circulatory Diseases (other)",15.2413793103448,2020-02-01,3,1
2,1,"Influenza and pneumonia",294.965517241379,2020-02-01,3,1
2,1,"Acute Lower Respiratory Infection (other)",1.41379310344828,2020-02-01,3,1
2,1,"Chronic Lower Respiratory Disease",502.724137931034,2020-02-01,3,1
2,1,"Pneumoconioses and chemical effects",2.17241379310345,2020-02-01,3,1
2,1,"Pneumonitis due to solids and liquids",60.2413793103448,2020-02-01,3,1
2,1,"Respiratory Disease (other)",133.758620689655,2020-02-01,3,1
2,1,"Peptic ulcer",9.62068965517241,2020-02-01,3,1
2,1,"Diseases of appendix",0.724137931034483,2020-02-01,3,1
2,1,"Hernia",5.75862068965517,2020-02-01,3,1
2,1,"Liver Disease",115.103448275862,2020-02-01,3,1
2,1,"Gallbladder Disease",10.6551724137931,2020-02-01,3,1
2,1,"Kidney Disease",151.655172413793,2020-02-01,3,1
2,1,"Infections of kidney",2.20689655172414,2020-02-01,3,1
2,1,"Prostate Disease",1.41379310344828,2020-02-01,3,1
2,1,"Inflammatory Pelvic Disease",0.689655172413793,2020-02-01,3,1
2,1,"Pregnancy & Childbirth",2.93103448275862,2020-02-01,3,1
2,1,"Infant Death",28.8275862068966,2020-02-01,3,1
2,1,"Congenital Abnormalities",28,2020-02-01,3,1
2,1,"Transport accidents",99.4137931034483,2020-02-01,3,1
2,1,"Falls",105.172413793103,2020-02-01,3,1
2,1,"Firearm (Accidental)",1.20689655172414,2020-02-01,3,1
2,1,"Drowning",5.58620689655172,2020-02-01,3,1
2,1,"Smoke and Fire",9.31034482758621,2020-02-01,3,1
2,1,"Drug Overdose & Poisoning",166.862068965517,2020-02-01,3,1
2,1,"Other Non-Transport Accidents",49.8965517241379,2020-02-01,3,1
2,1,"Suicide",124,2020-02-01,3,1
2,1,"Homicide",47.448275862069,2020-02-01,3,1
2,1,"Legal intervention",1.44827586206897,2020-02-01,3,1
2,1,"Events of undetermined intent",16.448275862069,2020-02-01,3,1
2,1,"Medical/Surgical Complications",12.2413793103448,2020-02-01,3,1
2,1,"Enterocolitis (C-diff)",17.8275862068966,2020-02-01,3,1
2,2,"Salmonella infections",0.137931034482759,2020-02-02,1,2
2,2,"Shigellosis and amebiasis",0.0344827586206897,2020-02-02,1,2
2,2,"Certain Intestinal Infections (other)",25.1379310344828,2020-02-02,1,2
2,2,"Tuberculosis",2.06896551724138,2020-02-02,1,2
2,2,"Meningococcal infection",0.137931034482759,2020-02-02,1,2
2,2,"Septicemia",126.206896551724,2020-02-02,1,2
2,2,"Syphilis",0.275862068965517,2020-02-02,1,2
2,2,"Viral hepatitis",14.7241379310345,2020-02-02,1,2
2,2,"HIV/AIDS",15.6896551724138,2020-02-02,1,2
2,2,"Infectious & Parasitic Diseases (other)",30.2068965517241,2020-02-02,1,2
2,2,"Cancer",1601.62068965517,2020-02-02,1,2
2,2,"Other Cancers",43.1379310344828,2020-02-02,1,2
2,2,"Anemias",15.1379310344828,2020-02-02,1,2
2,2,"Diabetes",242.344827586207,2020-02-02,1,2
2,2,"Nutritional deficiencies",26.0689655172414,2020-02-02,1,2
2,2,"Meningitis",2.24137931034483,2020-02-02,1,2
2,2,"Parkinson disease",96.1724137931034,2020-02-02,1,2
2,2,"Alzheimer's Disease",366.310344827586,2020-02-02,1,2
2,2,"Heart Disease",2484.86206896552,2020-02-02,3,2
2,2,"Circulatory Diseases (other)",15.2413793103448,2020-02-02,1,2
2,2,"Influenza and pneumonia",294.965517241379,2020-02-02,1,2
2,2,"Acute Lower Respiratory Infection (other)",1.41379310344828,2020-02-02,1,2
2,2,"Chronic Lower Respiratory Disease",502.724137931034,2020-02-02,1,2
2,2,"Pneumoconioses and chemical effects",2.17241379310345,2020-02-02,1,2
2,2,"Pneumonitis due to solids and liquids",60.2413793103448,2020-02-02,1,2
2,2,"Respiratory Disease (other)",133.758620689655,2020-02-02,1,2
2,2,"Peptic ulcer",9.62068965517241,2020-02-02,1,2
2,2,"Diseases of appendix",0.724137931034483,2020-02-02,1,2
2,2,"Hernia",5.75862068965517,2020-02-02,1,2
2,2,"Liver Disease",115.103448275862,2020-02-02,1,2
2,2,"Gallbladder Disease",10.6551724137931,2020-02-02,1,2
2,2,"Kidney Disease",151.655172413793,2020-02-02,1,2
2,2,"Infections of kidney",2.20689655172414,2020-02-02,1,2
2,2,"Prostate Disease",1.41379310344828,2020-02-02,1,2
2,2,"Inflammatory Pelvic Disease",0.689655172413793,2020-02-02,1,2
2,2,"Pregnancy & Childbirth",2.93103448275862,2020-02-02,1,2
2,2,"Infant Death",28.8275862068966,2020-02-02,1,2
2,2,"Congenital Abnormalities",28,2020-02-02,1,2
2,2,"Transport accidents",99.4137931034483,2020-02-02,1,2
2,2,"Falls",105.172413793103,2020-02-02,1,2
2,2,"Firearm (Accidental)",1.20689655172414,2020-02-02,1,2
2,2,"Drowning",5.58620689655172,2020-02-02,1,2
2,2,"Smoke and Fire",9.31034482758621,2020-02-02,1,2
2,2,"Drug Overdose & Poisoning",166.862068965517,2020-02-02,1,2
2,2,"Other Non-Transport Accidents",49.8965517241379,2020-02-02,1,2
2,2,"Suicide",124,2020-02-02,1,2
2,2,"Homicide",47.448275862069,2020-02-02,1,2
2,2,"Legal intervention",1.44827586206897,2020-02-02,1,2
2,2,"Events of undetermined intent",16.448275862069,2020-02-02,1,2
2,2,"Medical/Surgical Complications",12.2413793103448,2020-02-02,1,2
2,2,"Enterocolitis (C-diff)",17.8275862068966,2020-02-02,1,2
2,3,"Salmonella infections",0.137931034482759,2020-02-03,1,3
2,3,"Shigellosis and amebiasis",0.0344827586206897,2020-02-03,1,3
2,3,"Certain Intestinal Infections (other)",25.1379310344828,2020-02-03,1,3
2,3,"Tuberculosis",2.06896551724138,2020-02-03,1,3
2,3,"Meningococcal infection",0.137931034482759,2020-02-03,1,3
2,3,"Septicemia",126.206896551724,2020-02-03,1,3
2,3,"Syphilis",0.275862068965517,2020-02-03,1,3
2,3,"Viral hepatitis",14.7241379310345,2020-02-03,1,3
2,3,"HIV/AIDS",15.6896551724138,2020-02-03,1,3
2,3,"Infectious & Parasitic Diseases (other)",30.2068965517241,2020-02-03,1,3
2,3,"Cancer",1601.62068965517,2020-02-03,3,3
2,3,"Other Cancers",43.1379310344828,2020-02-03,1,3
2,3,"Anemias",15.1379310344828,2020-02-03,1,3
2,3,"Diabetes",242.344827586207,2020-02-03,1,3
2,3,"Nutritional deficiencies",26.0689655172414,2020-02-03,1,3
2,3,"Meningitis",2.24137931034483,2020-02-03,1,3
2,3,"Parkinson disease",96.1724137931034,2020-02-03,1,3
2,3,"Alzheimer's Disease",366.310344827586,2020-02-03,1,3
2,3,"Heart Disease",2484.86206896552,2020-02-03,1,3
2,3,"Circulatory Diseases (other)",15.2413793103448,2020-02-03,1,3
2,3,"Influenza and pneumonia",294.965517241379,2020-02-03,1,3
2,3,"Acute Lower Respiratory Infection (other)",1.41379310344828,2020-02-03,1,3
2,3,"Chronic Lower Respiratory Disease",502.724137931034,2020-02-03,1,3
2,3,"Pneumoconioses and chemical effects",2.17241379310345,2020-02-03,1,3
2,3,"Pneumonitis due to solids and liquids",60.2413793103448,2020-02-03,1,3
2,3,"Respiratory Disease (other)",133.758620689655,2020-02-03,1,3
2,3,"Peptic ulcer",9.62068965517241,2020-02-03,1,3
2,3,"Diseases of appendix",0.724137931034483,2020-02-03,1,3
2,3,"Hernia",5.75862068965517,2020-02-03,1,3
2,3,"Liver Disease",115.103448275862,2020-02-03,1,3
2,3,"Gallbladder Disease",10.6551724137931,2020-02-03,1,3
2,3,"Kidney Disease",151.655172413793,2020-02-03,1,3
2,3,"Infections of kidney",2.20689655172414,2020-02-03,1,3
2,3,"Prostate Disease",1.41379310344828,2020-02-03,1,3
2,3,"Inflammatory Pelvic Disease",0.689655172413793,2020-02-03,1,3
2,3,"Pregnancy & Childbirth",2.93103448275862,2020-02-03,1,3
2,3,"Infant Death",28.8275862068966,2020-02-03,1,3
2,3,"Congenital Abnormalities",28,2020-02-03,1,3
2,3,"Transport accidents",99.4137931034483,2020-02-03,1,3
2,3,"Falls",105.172413793103,2020-02-03,1,3
2,3,"Firearm (Accidental)",1.20689655172414,2020-02-03,1,3
2,3,"Drowning",5.58620689655172,2020-02-03,1,3
2,3,"Smoke and Fire",9.31034482758621,2020-02-03,1,3
2,3,"Drug Overdose & Poisoning",166.862068965517,2020-02-03,1,3
2,3,"Other Non-Transport Accidents",49.8965517241379,2020-02-03,1,3
2,3,"Suicide",124,2020-02-03,1,3
2,3,"Homicide",47.448275862069,2020-02-03,1,3
2,3,"Legal intervention",1.44827586206897,2020-02-03,1,3
2,3,"Events of undetermined intent",16.448275862069,2020-02-03,1,3
2,3,"Medical/Surgical Complications",12.2413793103448,2020-02-03,1,3
2,3,"Enterocolitis (C-diff)",17.8275862068966,2020-02-03,1,3
2,4,"Salmonella infections",0.137931034482759,2020-02-04,1,4
2,4,"Shigellosis and amebiasis",0.0344827586206897,2020-02-04,1,4
2,4,"Certain Intestinal Infections (other)",25.1379310344828,2020-02-04,1,4
2,4,"Tuberculosis",2.06896551724138,2020-02-04,1,4
2,4,"Meningococcal infection",0.137931034482759,2020-02-04,1,4
2,4,"Septicemia",126.206896551724,2020-02-04,1,4
2,4,"Syphilis",0.275862068965517,2020-02-04,1,4
2,4,"Viral hepatitis",14.7241379310345,2020-02-04,1,4
2,4,"HIV/AIDS",15.6896551724138,2020-02-04,1,4
2,4,"Infectious & Parasitic Diseases (other)",30.2068965517241,2020-02-04,1,4
2,4,"Cancer",1601.62068965517,2020-02-04,1,4
2,4,"Other Cancers",43.1379310344828,2020-02-04,1,4
2,4,"Anemias",15.1379310344828,2020-02-04,1,4
2,4,"Diabetes",242.344827586207,2020-02-04,1,4
2,4,"Nutritional deficiencies",26.0689655172414,2020-02-04,1,4
2,4,"Meningitis",2.24137931034483,2020-02-04,1,4
2,4,"Parkinson disease",96.1724137931034,2020-02-04,1,4
2,4,"Alzheimer's Disease",366.310344827586,2020-02-04,1,4
2,4,"Heart Disease",2484.86206896552,2020-02-04,1,4
2,4,"Circulatory Diseases (other)",15.2413793103448,2020-02-04,1,4
2,4,"Influenza and pneumonia",294.965517241379,2020-02-04,3,4
2,4,"Acute Lower Respiratory Infection (other)",1.41379310344828,2020-02-04,3,4
2,4,"Chronic Lower Respiratory Disease",502.724137931034,2020-02-04,3,4
2,4,"Pneumoconioses and chemical effects",2.17241379310345,2020-02-04,1,4
2,4,"Pneumonitis due to solids and liquids",60.2413793103448,2020-02-04,1,4
2,4,"Respiratory Disease (other)",133.758620689655,2020-02-04,3,4
2,4,"Peptic ulcer",9.62068965517241,2020-02-04,1,4
2,4,"Diseases of appendix",0.724137931034483,2020-02-04,1,4
2,4,"Hernia",5.75862068965517,2020-02-04,1,4
2,4,"Liver Disease",115.103448275862,2020-02-04,1,4
2,4,"Gallbladder Disease",10.6551724137931,2020-02-04,1,4
2,4,"Kidney Disease",151.655172413793,2020-02-04,1,4
2,4,"Infections of kidney",2.20689655172414,2020-02-04,1,4
2,4,"Prostate Disease",1.41379310344828,2020-02-04,1,4
2,4,"Inflammatory Pelvic Disease",0.689655172413793,2020-02-04,1,4
2,4,"Pregnancy & Childbirth",2.93103448275862,2020-02-04,1,4
2,4,"Infant Death",28.8275862068966,2020-02-04,1,4
2,4,"Congenital Abnormalities",28,2020-02-04,1,4
2,4,"Transport accidents",99.4137931034483,2020-02-04,1,4
2,4,"Falls",105.172413793103,2020-02-04,1,4
2,4,"Firearm (Accidental)",1.20689655172414,2020-02-04,1,4
2,4,"Drowning",5.58620689655172,2020-02-04,1,4
2,4,"Smoke and Fire",9.31034482758621,2020-02-04,1,4
2,4,"Drug Overdose & Poisoning",166.862068965517,2020-02-04,1,4
2,4,"Other Non-Transport Accidents",49.8965517241379,2020-02-04,1,4
2,4,"Suicide",124,2020-02-04,1,4
2,4,"Homicide",47.448275862069,2020-02-04,1,4
2,4,"Legal intervention",1.44827586206897,2020-02-04,1,4
2,4,"Events of undetermined intent",16.448275862069,2020-02-04,1,4
2,4,"Medical/Surgical Complications",12.2413793103448,2020-02-04,1,4
2,4,"Enterocolitis (C-diff)",17.8275862068966,2020-02-04,1,4
2,5,"Salmonella infections",0.137931034482759,2020-02-05,1,5
2,5,"Shigellosis and amebiasis",0.0344827586206897,2020-02-05,1,5
2,5,"Certain Intestinal Infections (other)",25.1379310344828,2020-02-05,1,5
2,5,"Tuberculosis",2.06896551724138,2020-02-05,1,5
2,5,"Meningococcal infection",0.137931034482759,2020-02-05,1,5
2,5,"Septicemia",126.206896551724,2020-02-05,1,5
2,5,"Syphilis",0.275862068965517,2020-02-05,1,5
2,5,"Viral hepatitis",14.7241379310345,2020-02-05,1,5
2,5,"HIV/AIDS",15.6896551724138,2020-02-05,1,5
2,5,"Infectious & Parasitic Diseases (other)",30.2068965517241,2020-02-05,1,5
2,5,"Cancer",1601.62068965517,2020-02-05,1,5
2,5,"Other Cancers",43.1379310344828,2020-02-05,1,5
2,5,"Anemias",15.1379310344828,2020-02-05,1,5
2,5,"Diabetes",242.344827586207,2020-02-05,1,5
2,5,"Nutritional deficiencies",26.0689655172414,2020-02-05,1,5
2,5,"Meningitis",2.24137931034483,2020-02-05,1,5
2,5,"Parkinson disease",96.1724137931034,2020-02-05,1,5
2,5,"Alzheimer's Disease",366.310344827586,2020-02-05,1,5
2,5,"Heart Disease",2484.86206896552,2020-02-05,1,5
2,5,"Circulatory Diseases (other)",15.2413793103448,2020-02-05,1,5
2,5,"Influenza and pneumonia",294.965517241379,2020-02-05,3,5
2,5,"Acute Lower Respiratory Infection (other)",1.41379310344828,2020-02-05,1,5
2,5,"Chronic Lower Respiratory Disease",502.724137931034,2020-02-05,1,5
2,5,"Pneumoconioses and chemical effects",2.17241379310345,2020-02-05,1,5
2,5,"Pneumonitis due to solids and liquids",60.2413793103448,2020-02-05,1,5
2,5,"Respiratory Disease (other)",133.758620689655,2020-02-05,1,5
2,5,"Peptic ulcer",9.62068965517241,2020-02-05,1,5
2,5,"Diseases of appendix",0.724137931034483,2020-02-05,1,5
2,5,"Hernia",5.75862068965517,2020-02-05,1,5
2,5,"Liver Disease",115.103448275862,2020-02-05,1,5
2,5,"Gallbladder Disease",10.6551724137931,2020-02-05,1,5
2,5,"Kidney Disease",151.655172413793,2020-02-05,1,5
2,5,"Infections of kidney",2.20689655172414,2020-02-05,1,5
2,5,"Prostate Disease",1.41379310344828,2020-02-05,1,5
2,5,"Inflammatory Pelvic Disease",0.689655172413793,2020-02-05,1,5
2,5,"Pregnancy & Childbirth",2.93103448275862,2020-02-05,1,5
2,5,"Infant Death",28.8275862068966,2020-02-05,1,5
2,5,"Congenital Abnormalities",28,2020-02-05,1,5
2,5,"Transport accidents",99.4137931034483,2020-02-05,1,5
2,5,"Falls",105.172413793103,2020-02-05,1,5
2,5,"Firearm (Accidental)",1.20689655172414,2020-02-05,1,5
2,5,"Drowning",5.58620689655172,2020-02-05,1,5
2,5,"Smoke and Fire",9.31034482758621,2020-02-05,1,5
2,5,"Drug Overdose & Poisoning",166.862068965517,2020-02-05,1,5
2,5,"Other Non-Transport Accidents",49.8965517241379,2020-02-05,1,5
2,5,"Suicide",124,2020-02-05,1,5
2,5,"Homicide",47.448275862069,2020-02-05,1,5
2,5,"Legal intervention",1.44827586206897,2020-02-05,1,5
2,5,"Events of undetermined intent",16.448275862069,2020-02-05,1,5
2,5,"Medical/Surgical Complications",12.2413793103448,2020-02-05,1,5
2,5,"Enterocolitis (C-diff)",17.8275862068966,2020-02-05,1,5
2,6,"Salmonella infections",0.137931034482759,2020-02-06,1,6
2,6,"Shigellosis and amebiasis",0.0344827586206897,2020-02-06,1,6
2,6,"Certain Intestinal Infections (other)",25.1379310344828,2020-02-06,1,6
2,6,"Tuberculosis",2.06896551724138,2020-02-06,1,6
2,6,"Meningococcal infection",0.137931034482759,2020-02-06,1,6
2,6,"Septicemia",126.206896551724,2020-02-06,1,6
2,6,"Syphilis",0.275862068965517,2020-02-06,1,6
2,6,"Viral hepatitis",14.7241379310345,2020-02-06,1,6
2,6,"HIV/AIDS",15.6896551724138,2020-02-06,1,6
2,6,"Infectious & Parasitic Diseases (other)",30.2068965517241,2020-02-06,1,6
2,6,"Cancer",1601.62068965517,2020-02-06,1,6
2,6,"Other Cancers",43.1379310344828,2020-02-06,1,6
2,6,"Anemias",15.1379310344828,2020-02-06,1,6
2,6,"Diabetes",242.344827586207,2020-02-06,1,6
2,6,"Nutritional deficiencies",26.0689655172414,2020-02-06,1,6
2,6,"Meningitis",2.24137931034483,2020-02-06,1,6
2,6,"Parkinson disease",96.1724137931034,2020-02-06,1,6
2,6,"Alzheimer's Disease",366.310344827586,2020-02-06,1,6
2,6,"Heart Disease",2484.86206896552,2020-02-06,1,6
2,6,"Circulatory Diseases (other)",15.2413793103448,2020-02-06,1,6
2,6,"Influenza and pneumonia",294.965517241379,2020-02-06,1,6
2,6,"Acute Lower Respiratory Infection (other)",1.41379310344828,2020-02-06,1,6
2,6,"Chronic Lower Respiratory Disease",502.724137931034,2020-02-06,1,6
2,6,"Pneumoconioses and chemical effects",2.17241379310345,2020-02-06,1,6
2,6,"Pneumonitis due to solids and liquids",60.2413793103448,2020-02-06,1,6
2,6,"Respiratory Disease (other)",133.758620689655,2020-02-06,1,6
2,6,"Peptic ulcer",9.62068965517241,2020-02-06,1,6
2,6,"Diseases of appendix",0.724137931034483,2020-02-06,1,6
2,6,"Hernia",5.75862068965517,2020-02-06,1,6
2,6,"Liver Disease",115.103448275862,2020-02-06,1,6
2,6,"Gallbladder Disease",10.6551724137931,2020-02-06,1,6
2,6,"Kidney Disease",151.655172413793,2020-02-06,1,6
2,6,"Infections of kidney",2.20689655172414,2020-02-06,1,6
2,6,"Prostate Disease",1.41379310344828,2020-02-06,1,6
2,6,"Inflammatory Pelvic Disease",0.689655172413793,2020-02-06,1,6
2,6,"Pregnancy & Childbirth",2.93103448275862,2020-02-06,1,6
2,6,"Infant Death",28.8275862068966,2020-02-06,1,6
2,6,"Congenital Abnormalities",28,2020-02-06,1,6
2,6,"Transport accidents",99.4137931034483,2020-02-06,1,6
2,6,"Falls",105.172413793103,2020-02-06,1,6
2,6,"Firearm (Accidental)",1.20689655172414,2020-02-06,1,6
2,6,"Drowning",5.58620689655172,2020-02-06,1,6
2,6,"Smoke and Fire",9.31034482758621,2020-02-06,1,6
2,6,"Drug Overdose & Poisoning",166.862068965517,2020-02-06,3,6
2,6,"Other Non-Transport Accidents",49.8965517241379,2020-02-06,1,6
2,6,"Suicide",124,2020-02-06,1,6
2,6,"Homicide",47.448275862069,2020-02-06,1,6
2,6,"Legal intervention",1.44827586206897,2020-02-06,1,6
2,6,"Events of undetermined intent",16.448275862069,2020-02-06,1,6
2,6,"Medical/Surgical Complications",12.2413793103448,2020-02-06,1,6
2,6,"Enterocolitis (C-diff)",17.8275862068966,2020-02-06,1,6
3,1,"Salmonella infections",0.0967741935483871,2020-03-01,3,7
3,1,"Certain Intestinal Infections (other)",25.4193548387097,2020-03-01,3,7
3,1,"Tuberculosis",1.7741935483871,2020-03-01,3,7
3,1,"Meningococcal infection",0.0967741935483871,2020-03-01,3,7
3,1,"Septicemia",118.483870967742,2020-03-01,3,7
3,1,"Syphilis",0.129032258064516,2020-03-01,3,7
3,1,"Viral hepatitis",12.7096774193548,2020-03-01,3,7
3,1,"HIV/AIDS",14.3870967741935,2020-03-01,3,7
3,1,"Malaria",0.0645161290322581,2020-03-01,3,7
3,1,"Infectious & Parasitic Diseases (other)",25.7096774193548,2020-03-01,3,7
3,1,"Cancer",1635.12903225806,2020-03-01,3,7
3,1,"Other Cancers",42.3870967741936,2020-03-01,3,7
3,1,"Anemias",15.741935483871,2020-03-01,3,7
3,1,"Diabetes",239.193548387097,2020-03-01,3,7
3,1,"Nutritional deficiencies",26,2020-03-01,3,7
3,1,"Meningitis",1.7741935483871,2020-03-01,3,7
3,1,"Parkinson disease",93.3548387096774,2020-03-01,3,7
3,1,"Alzheimer's Disease",348.870967741935,2020-03-01,3,7
3,1,"Heart Disease",2471.35483870968,2020-03-01,3,7
3,1,"Circulatory Diseases (other)",14.0322580645161,2020-03-01,3,7
3,1,"Influenza and pneumonia",197.838709677419,2020-03-01,3,7
3,1,"Acute Lower Respiratory Infection (other)",1.09677419354839,2020-03-01,3,7
3,1,"Chronic Lower Respiratory Disease",483.709677419355,2020-03-01,3,7
3,1,"Pneumoconioses and chemical effects",2.16129032258065,2020-03-01,3,7
3,1,"Pneumonitis due to solids and liquids",56.7741935483871,2020-03-01,3,7
3,1,"Respiratory Disease (other)",128.709677419355,2020-03-01,3,7
3,1,"Peptic ulcer",10.6774193548387,2020-03-01,3,7
3,1,"Diseases of appendix",1,2020-03-01,3,7
3,1,"Hernia",6.64516129032258,2020-03-01,3,7
3,1,"Liver Disease",117.677419354839,2020-03-01,3,7
3,1,"Gallbladder Disease",8.96774193548387,2020-03-01,3,7
3,1,"Kidney Disease",146.258064516129,2020-03-01,3,7
3,1,"Infections of kidney",2.41935483870968,2020-03-01,3,7
3,1,"Prostate Disease",1.61290322580645,2020-03-01,3,7
3,1,"Inflammatory Pelvic Disease",0.419354838709677,2020-03-01,3,7
3,1,"Pregnancy & Childbirth",2.96774193548387,2020-03-01,3,7
3,1,"Infant Death",30.5806451612903,2020-03-01,3,7
3,1,"Congenital Abnormalities",27.8709677419355,2020-03-01,3,7
3,1,"Transport accidents",103.741935483871,2020-03-01,3,7
3,1,"Falls",102.967741935484,2020-03-01,3,7
3,1,"Firearm (Accidental)",1.03225806451613,2020-03-01,3,7
3,1,"Drowning",6.83870967741935,2020-03-01,3,7
3,1,"Smoke and Fire",10.2903225806452,2020-03-01,3,7
3,1,"Drug Overdose & Poisoning",173.41935483871,2020-03-01,3,7
3,1,"Other Non-Transport Accidents",50.9354838709677,2020-03-01,3,7
3,1,"Suicide",129.387096774194,2020-03-01,3,7
3,1,"Homicide",46.741935483871,2020-03-01,3,7
3,1,"Legal intervention",1.96774193548387,2020-03-01,3,7
3,1,"Events of undetermined intent",16.8387096774194,2020-03-01,3,7
3,1,"War",0.032258064516129,2020-03-01,3,7
3,1,"Medical/Surgical Complications",11.9677419354839,2020-03-01,3,7
3,1,"Enterocolitis (C-diff)",17.0322580645161,2020-03-01,3,7
3,2,"Salmonella infections",0.0967741935483871,2020-03-02,3,8
3,2,"Certain Intestinal Infections (other)",25.4193548387097,2020-03-02,3,8
3,2,"Tuberculosis",1.7741935483871,2020-03-02,3,8
3,2,"Meningococcal infection",0.0967741935483871,2020-03-02,3,8
3,2,"Septicemia",118.483870967742,2020-03-02,3,8
3,2,"Syphilis",0.129032258064516,2020-03-02,3,8
3,2,"Viral hepatitis",12.7096774193548,2020-03-02,3,8
3,2,"HIV/AIDS",14.3870967741935,2020-03-02,3,8
3,2,"Malaria",0.0645161290322581,2020-03-02,3,8
3,2,"Infectious & Parasitic Diseases (other)",25.7096774193548,2020-03-02,3,8
3,2,"Cancer",1635.12903225806,2020-03-02,3,8
3,2,"Other Cancers",42.3870967741936,2020-03-02,3,8
3,2,"Anemias",15.741935483871,2020-03-02,3,8
3,2,"Diabetes",239.193548387097,2020-03-02,3,8
3,2,"Nutritional deficiencies",26,2020-03-02,3,8
3,2,"Meningitis",1.7741935483871,2020-03-02,3,8
3,2,"Parkinson disease",93.3548387096774,2020-03-02,3,8
3,2,"Alzheimer's Disease",348.870967741935,2020-03-02,3,8
3,2,"Heart Disease",2471.35483870968,2020-03-02,3,8
3,2,"Circulatory Diseases (other)",14.0322580645161,2020-03-02,3,8
3,2,"Influenza and pneumonia",197.838709677419,2020-03-02,3,8
3,2,"Acute Lower Respiratory Infection (other)",1.09677419354839,2020-03-02,3,8
3,2,"Chronic Lower Respiratory Disease",483.709677419355,2020-03-02,3,8
3,2,"Pneumoconioses and chemical effects",2.16129032258065,2020-03-02,3,8
3,2,"Pneumonitis due to solids and liquids",56.7741935483871,2020-03-02,3,8
3,2,"Respiratory Disease (other)",128.709677419355,2020-03-02,3,8
3,2,"Peptic ulcer",10.6774193548387,2020-03-02,3,8
3,2,"Diseases of appendix",1,2020-03-02,3,8
3,2,"Hernia",6.64516129032258,2020-03-02,3,8
3,2,"Liver Disease",117.677419354839,2020-03-02,3,8
3,2,"Gallbladder Disease",8.96774193548387,2020-03-02,3,8
3,2,"Kidney Disease",146.258064516129,2020-03-02,3,8
3,2,"Infections of kidney",2.41935483870968,2020-03-02,3,8
3,2,"Prostate Disease",1.61290322580645,2020-03-02,3,8
3,2,"Inflammatory Pelvic Disease",0.419354838709677,2020-03-02,3,8
3,2,"Pregnancy & Childbirth",2.96774193548387,2020-03-02,3,8
3,2,"Infant Death",30.5806451612903,2020-03-02,3,8
3,2,"Congenital Abnormalities",27.8709677419355,2020-03-02,3,8
3,2,"Transport accidents",103.741935483871,2020-03-02,3,8
3,2,"Falls",102.967741935484,2020-03-02,3,8
3,2,"Firearm (Accidental)",1.03225806451613,2020-03-02,3,8
3,2,"Drowning",6.83870967741935,2020-03-02,3,8
3,2,"Smoke and Fire",10.2903225806452,2020-03-02,3,8
3,2,"Drug Overdose & Poisoning",173.41935483871,2020-03-02,3,8
3,2,"Other Non-Transport Accidents",50.9354838709677,2020-03-02,3,8
3,2,"Suicide",129.387096774194,2020-03-02,3,8
3,2,"Homicide",46.741935483871,2020-03-02,3,8
3,2,"Legal intervention",1.96774193548387,2020-03-02,3,8
3,2,"Events of undetermined intent",16.8387096774194,2020-03-02,3,8
3,2,"War",0.032258064516129,2020-03-02,3,8
3,2,"Medical/Surgical Complications",11.9677419354839,2020-03-02,3,8
3,2,"Enterocolitis (C-diff)",17.0322580645161,2020-03-02,3,8
3,19,"Salmonella infections",0.0967741935483871,2020-03-19,3,9
3,19,"Certain Intestinal Infections (other)",25.4193548387097,2020-03-19,3,9
3,19,"Tuberculosis",1.7741935483871,2020-03-19,3,9
3,19,"Meningococcal infection",0.0967741935483871,2020-03-19,3,9
3,19,"Septicemia",118.483870967742,2020-03-19,3,9
3,19,"Syphilis",0.129032258064516,2020-03-19,3,9
3,19,"Viral hepatitis",12.7096774193548,2020-03-19,3,9
3,19,"HIV/AIDS",14.3870967741935,2020-03-19,3,9
3,19,"Malaria",0.0645161290322581,2020-03-19,3,9
3,19,"Infectious & Parasitic Diseases (other)",25.7096774193548,2020-03-19,3,9
3,19,"Cancer",1635.12903225806,2020-03-19,3,9
3,19,"Other Cancers",42.3870967741936,2020-03-19,3,9
3,19,"Anemias",15.741935483871,2020-03-19,3,9
3,19,"Diabetes",239.193548387097,2020-03-19,3,9
3,19,"Nutritional deficiencies",26,2020-03-19,3,9
3,19,"Meningitis",1.7741935483871,2020-03-19,3,9
3,19,"Parkinson disease",93.3548387096774,2020-03-19,3,9
3,19,"Alzheimer's Disease",348.870967741935,2020-03-19,3,9
3,19,"Heart Disease",2471.35483870968,2020-03-19,3,9
3,19,"Circulatory Diseases (other)",14.0322580645161,2020-03-19,3,9
3,19,"Influenza and pneumonia",197.838709677419,2020-03-19,3,9
3,19,"Acute Lower Respiratory Infection (other)",1.09677419354839,2020-03-19,3,9
3,19,"Chronic Lower Respiratory Disease",483.709677419355,2020-03-19,3,9
3,19,"Pneumoconioses and chemical effects",2.16129032258065,2020-03-19,3,9
3,19,"Pneumonitis due to solids and liquids",56.7741935483871,2020-03-19,3,9
3,19,"Respiratory Disease (other)",128.709677419355,2020-03-19,3,9
3,19,"Peptic ulcer",10.6774193548387,2020-03-19,3,9
3,19,"Diseases of appendix",1,2020-03-19,3,9
3,19,"Hernia",6.64516129032258,2020-03-19,3,9
3,19,"Liver Disease",117.677419354839,2020-03-19,3,9
3,19,"Gallbladder Disease",8.96774193548387,2020-03-19,3,9
3,19,"Kidney Disease",146.258064516129,2020-03-19,3,9
3,19,"Infections of kidney",2.41935483870968,2020-03-19,3,9
3,19,"Prostate Disease",1.61290322580645,2020-03-19,3,9
3,19,"Inflammatory Pelvic Disease",0.419354838709677,2020-03-19,3,9
3,19,"Pregnancy & Childbirth",2.96774193548387,2020-03-19,3,9
3,19,"Infant Death",30.5806451612903,2020-03-19,3,9
3,19,"Congenital Abnormalities",27.8709677419355,2020-03-19,3,9
3,19,"Transport accidents",103.741935483871,2020-03-19,3,9
3,19,"Falls",102.967741935484,2020-03-19,3,9
3,19,"Firearm (Accidental)",1.03225806451613,2020-03-19,3,9
3,19,"Drowning",6.83870967741935,2020-03-19,3,9
3,19,"Smoke and Fire",10.2903225806452,2020-03-19,3,9
3,19,"Drug Overdose & Poisoning",173.41935483871,2020-03-19,3,9
3,19,"Other Non-Transport Accidents",50.9354838709677,2020-03-19,3,9
3,19,"Suicide",129.387096774194,2020-03-19,3,9
3,19,"Homicide",46.741935483871,2020-03-19,3,9
3,19,"Legal intervention",1.96774193548387,2020-03-19,3,9
3,19,"Events of undetermined intent",16.8387096774194,2020-03-19,3,9
3,19,"War",0.032258064516129,2020-03-19,3,9
3,19,"Medical/Surgical Complications",11.9677419354839,2020-03-19,3,9
3,19,"Enterocolitis (C-diff)",17.0322580645161,2020-03-19,3,9
3,21,"Salmonella infections",0.0967741935483871,2020-03-21,3,10
3,21,"Certain Intestinal Infections (other)",25.4193548387097,2020-03-21,3,10
3,21,"Tuberculosis",1.7741935483871,2020-03-21,3,10
3,21,"Meningococcal infection",0.0967741935483871,2020-03-21,3,10
3,21,"Septicemia",118.483870967742,2020-03-21,3,10
3,21,"Syphilis",0.129032258064516,2020-03-21,3,10
3,21,"Viral hepatitis",12.7096774193548,2020-03-21,3,10
3,21,"HIV/AIDS",14.3870967741935,2020-03-21,3,10
3,21,"Malaria",0.0645161290322581,2020-03-21,3,10
3,21,"Infectious & Parasitic Diseases (other)",25.7096774193548,2020-03-21,3,10
3,21,"Cancer",1635.12903225806,2020-03-21,3,10
3,21,"Other Cancers",42.3870967741936,2020-03-21,3,10
3,21,"Anemias",15.741935483871,2020-03-21,3,10
3,21,"Diabetes",239.193548387097,2020-03-21,3,10
3,21,"Nutritional deficiencies",26,2020-03-21,3,10
3,21,"Meningitis",1.7741935483871,2020-03-21,3,10
3,21,"Parkinson disease",93.3548387096774,2020-03-21,3,10
3,21,"Alzheimer's Disease",348.870967741935,2020-03-21,3,10
3,21,"Heart Disease",2471.35483870968,2020-03-21,3,10
3,21,"Circulatory Diseases (other)",14.0322580645161,2020-03-21,3,10
3,21,"Influenza and pneumonia",197.838709677419,2020-03-21,3,10
3,21,"Acute Lower Respiratory Infection (other)",1.09677419354839,2020-03-21,3,10
3,21,"Chronic Lower Respiratory Disease",483.709677419355,2020-03-21,3,10
3,21,"Pneumoconioses and chemical effects",2.16129032258065,2020-03-21,3,10
3,21,"Pneumonitis due to solids and liquids",56.7741935483871,2020-03-21,3,10
3,21,"Respiratory Disease (other)",128.709677419355,2020-03-21,3,10
3,21,"Peptic ulcer",10.6774193548387,2020-03-21,3,10
3,21,"Diseases of appendix",1,2020-03-21,3,10
3,21,"Hernia",6.64516129032258,2020-03-21,3,10
3,21,"Liver Disease",117.677419354839,2020-03-21,3,10
3,21,"Gallbladder Disease",8.96774193548387,2020-03-21,3,10
3,21,"Kidney Disease",146.258064516129,2020-03-21,3,10
3,21,"Infections of kidney",2.41935483870968,2020-03-21,3,10
3,21,"Prostate Disease",1.61290322580645,2020-03-21,3,10
3,21,"Inflammatory Pelvic Disease",0.419354838709677,2020-03-21,3,10
3,21,"Pregnancy & Childbirth",2.96774193548387,2020-03-21,3,10
3,21,"Infant Death",30.5806451612903,2020-03-21,3,10
3,21,"Congenital Abnormalities",27.8709677419355,2020-03-21,3,10
3,21,"Transport accidents",103.741935483871,2020-03-21,3,10
3,21,"Falls",102.967741935484,2020-03-21,3,10
3,21,"Firearm (Accidental)",1.03225806451613,2020-03-21,3,10
3,21,"Drowning",6.83870967741935,2020-03-21,3,10
3,21,"Smoke and Fire",10.2903225806452,2020-03-21,3,10
3,21,"Drug Overdose & Poisoning",173.41935483871,2020-03-21,3,10
3,21,"Other Non-Transport Accidents",50.9354838709677,2020-03-21,3,10
3,21,"Suicide",129.387096774194,2020-03-21,3,10
3,21,"Homicide",46.741935483871,2020-03-21,3,10
3,21,"Legal intervention",1.96774193548387,2020-03-21,3,10
3,21,"Events of undetermined intent",16.8387096774194,2020-03-21,3,10
3,21,"War",0.032258064516129,2020-03-21,3,10
3,21,"Medical/Surgical Complications",11.9677419354839,2020-03-21,3,10
3,21,"Enterocolitis (C-diff)",17.0322580645161,2020-03-21,3,10
3,25,"Salmonella infections",0.0967741935483871,2020-03-25,3,11
3,25,"Certain Intestinal Infections (other)",25.4193548387097,2020-03-25,3,11
3,25,"Tuberculosis",1.7741935483871,2020-03-25,3,11
3,25,"Meningococcal infection",0.0967741935483871,2020-03-25,3,11
3,25,"Septicemia",118.483870967742,2020-03-25,3,11
3,25,"Syphilis",0.129032258064516,2020-03-25,3,11
3,25,"Viral hepatitis",12.7096774193548,2020-03-25,3,11
3,25,"HIV/AIDS",14.3870967741935,2020-03-25,3,11
3,25,"Malaria",0.0645161290322581,2020-03-25,3,11
3,25,"Infectious & Parasitic Diseases (other)",25.7096774193548,2020-03-25,3,11
3,25,"Cancer",1635.12903225806,2020-03-25,3,11
3,25,"Other Cancers",42.3870967741936,2020-03-25,3,11
3,25,"Anemias",15.741935483871,2020-03-25,3,11
3,25,"Diabetes",239.193548387097,2020-03-25,3,11
3,25,"Nutritional deficiencies",26,2020-03-25,3,11
3,25,"Meningitis",1.7741935483871,2020-03-25,3,11
3,25,"Parkinson disease",93.3548387096774,2020-03-25,3,11
3,25,"Alzheimer's Disease",348.870967741935,2020-03-25,3,11
3,25,"Heart Disease",2471.35483870968,2020-03-25,3,11
3,25,"Circulatory Diseases (other)",14.0322580645161,2020-03-25,3,11
3,25,"Influenza and pneumonia",197.838709677419,2020-03-25,3,11
3,25,"Acute Lower Respiratory Infection (other)",1.09677419354839,2020-03-25,3,11
3,25,"Chronic Lower Respiratory Disease",483.709677419355,2020-03-25,3,11
3,25,"Pneumoconioses and chemical effects",2.16129032258065,2020-03-25,3,11
3,25,"Pneumonitis due to solids and liquids",56.7741935483871,2020-03-25,3,11
3,25,"Respiratory Disease (other)",128.709677419355,2020-03-25,3,11
3,25,"Peptic ulcer",10.6774193548387,2020-03-25,3,11
3,25,"Diseases of appendix",1,2020-03-25,3,11
3,25,"Hernia",6.64516129032258,2020-03-25,3,11
3,25,"Liver Disease",117.677419354839,2020-03-25,3,11
3,25,"Gallbladder Disease",8.96774193548387,2020-03-25,3,11
3,25,"Kidney Disease",146.258064516129,2020-03-25,3,11
3,25,"Infections of kidney",2.41935483870968,2020-03-25,3,11
3,25,"Prostate Disease",1.61290322580645,2020-03-25,3,11
3,25,"Inflammatory Pelvic Disease",0.419354838709677,2020-03-25,3,11
3,25,"Pregnancy & Childbirth",2.96774193548387,2020-03-25,3,11
3,25,"Infant Death",30.5806451612903,2020-03-25,3,11
3,25,"Congenital Abnormalities",27.8709677419355,2020-03-25,3,11
3,25,"Transport accidents",103.741935483871,2020-03-25,3,11
3,25,"Falls",102.967741935484,2020-03-25,3,11
3,25,"Firearm (Accidental)",1.03225806451613,2020-03-25,3,11
3,25,"Drowning",6.83870967741935,2020-03-25,3,11
3,25,"Smoke and Fire",10.2903225806452,2020-03-25,3,11
3,25,"Drug Overdose & Poisoning",173.41935483871,2020-03-25,3,11
3,25,"Other Non-Transport Accidents",50.9354838709677,2020-03-25,3,11
3,25,"Suicide",129.387096774194,2020-03-25,3,11
3,25,"Homicide",46.741935483871,2020-03-25,3,11
3,25,"Legal intervention",1.96774193548387,2020-03-25,3,11
3,25,"Events of undetermined intent",16.8387096774194,2020-03-25,3,11
3,25,"War",0.032258064516129,2020-03-25,3,11
3,25,"Medical/Surgical Complications",11.9677419354839,2020-03-25,3,11
3,25,"Enterocolitis (C-diff)",17.0322580645161,2020-03-25,3,11
3,26,"Salmonella infections",0.0967741935483871,2020-03-26,3,12
3,26,"Certain Intestinal Infections (other)",25.4193548387097,2020-03-26,3,12
3,26,"Tuberculosis",1.7741935483871,2020-03-26,3,12
3,26,"Meningococcal infection",0.0967741935483871,2020-03-26,3,12
3,26,"Septicemia",118.483870967742,2020-03-26,3,12
3,26,"Syphilis",0.129032258064516,2020-03-26,3,12
3,26,"Viral hepatitis",12.7096774193548,2020-03-26,3,12
3,26,"HIV/AIDS",14.3870967741935,2020-03-26,3,12
3,26,"Malaria",0.0645161290322581,2020-03-26,3,12
3,26,"Infectious & Parasitic Diseases (other)",25.7096774193548,2020-03-26,3,12
3,26,"Cancer",1635.12903225806,2020-03-26,3,12
3,26,"Other Cancers",42.3870967741936,2020-03-26,3,12
3,26,"Anemias",15.741935483871,2020-03-26,3,12
3,26,"Diabetes",239.193548387097,2020-03-26,3,12
3,26,"Nutritional deficiencies",26,2020-03-26,3,12
3,26,"Meningitis",1.7741935483871,2020-03-26,3,12
3,26,"Parkinson disease",93.3548387096774,2020-03-26,3,12
3,26,"Alzheimer's Disease",348.870967741935,2020-03-26,3,12
3,26,"Heart Disease",2471.35483870968,2020-03-26,3,12
3,26,"Circulatory Diseases (other)",14.0322580645161,2020-03-26,3,12
3,26,"Influenza and pneumonia",197.838709677419,2020-03-26,3,12
3,26,"Acute Lower Respiratory Infection (other)",1.09677419354839,2020-03-26,3,12
3,26,"Chronic Lower Respiratory Disease",483.709677419355,2020-03-26,3,12
3,26,"Pneumoconioses and chemical effects",2.16129032258065,2020-03-26,3,12
3,26,"Pneumonitis due to solids and liquids",56.7741935483871,2020-03-26,3,12
3,26,"Respiratory Disease (other)",128.709677419355,2020-03-26,3,12
3,26,"Peptic ulcer",10.6774193548387,2020-03-26,3,12
3,26,"Diseases of appendix",1,2020-03-26,3,12
3,26,"Hernia",6.64516129032258,2020-03-26,3,12
3,26,"Liver Disease",117.677419354839,2020-03-26,3,12
3,26,"Gallbladder Disease",8.96774193548387,2020-03-26,3,12
3,26,"Kidney Disease",146.258064516129,2020-03-26,3,12
3,26,"Infections of kidney",2.41935483870968,2020-03-26,3,12
3,26,"Prostate Disease",1.61290322580645,2020-03-26,3,12
3,26,"Inflammatory Pelvic Disease",0.419354838709677,2020-03-26,3,12
3,26,"Pregnancy & Childbirth",2.96774193548387,2020-03-26,3,12
3,26,"Infant Death",30.5806451612903,2020-03-26,3,12
3,26,"Congenital Abnormalities",27.8709677419355,2020-03-26,3,12
3,26,"Transport accidents",103.741935483871,2020-03-26,3,12
3,26,"Falls",102.967741935484,2020-03-26,3,12
3,26,"Firearm (Accidental)",1.03225806451613,2020-03-26,3,12
3,26,"Drowning",6.83870967741935,2020-03-26,3,12
3,26,"Smoke and Fire",10.2903225806452,2020-03-26,3,12
3,26,"Drug Overdose & Poisoning",173.41935483871,2020-03-26,3,12
3,26,"Other Non-Transport Accidents",50.9354838709677,2020-03-26,3,12
3,26,"Suicide",129.387096774194,2020-03-26,3,12
3,26,"Homicide",46.741935483871,2020-03-26,3,12
3,26,"Legal intervention",1.96774193548387,2020-03-26,3,12
3,26,"Events of undetermined intent",16.8387096774194,2020-03-26,3,12
3,26,"War",0.032258064516129,2020-03-26,3,12
3,26,"Medical/Surgical Complications",11.9677419354839,2020-03-26,3,12
3,26,"Enterocolitis (C-diff)",17.0322580645161,2020-03-26,3,12
3,29,"Salmonella infections",0.0967741935483871,2020-03-29,3,13
3,29,"Certain Intestinal Infections (other)",25.4193548387097,2020-03-29,3,13
3,29,"Tuberculosis",1.7741935483871,2020-03-29,3,13
3,29,"Meningococcal infection",0.0967741935483871,2020-03-29,3,13
3,29,"Septicemia",118.483870967742,2020-03-29,3,13
3,29,"Syphilis",0.129032258064516,2020-03-29,3,13
3,29,"Viral hepatitis",12.7096774193548,2020-03-29,3,13
3,29,"HIV/AIDS",14.3870967741935,2020-03-29,3,13
3,29,"Malaria",0.0645161290322581,2020-03-29,3,13
3,29,"Infectious & Parasitic Diseases (other)",25.7096774193548,2020-03-29,3,13
3,29,"Cancer",1635.12903225806,2020-03-29,3,13
3,29,"Other Cancers",42.3870967741936,2020-03-29,3,13
3,29,"Anemias",15.741935483871,2020-03-29,3,13
3,29,"Diabetes",239.193548387097,2020-03-29,3,13
3,29,"Nutritional deficiencies",26,2020-03-29,3,13
3,29,"Meningitis",1.7741935483871,2020-03-29,3,13
3,29,"Parkinson disease",93.3548387096774,2020-03-29,3,13
3,29,"Alzheimer's Disease",348.870967741935,2020-03-29,3,13
3,29,"Heart Disease",2471.35483870968,2020-03-29,3,13
3,29,"Circulatory Diseases (other)",14.0322580645161,2020-03-29,3,13
3,29,"Influenza and pneumonia",197.838709677419,2020-03-29,3,13
3,29,"Acute Lower Respiratory Infection (other)",1.09677419354839,2020-03-29,3,13
3,29,"Chronic Lower Respiratory Disease",483.709677419355,2020-03-29,3,13
3,29,"Pneumoconioses and chemical effects",2.16129032258065,2020-03-29,3,13
3,29,"Pneumonitis due to solids and liquids",56.7741935483871,2020-03-29,3,13
3,29,"Respiratory Disease (other)",128.709677419355,2020-03-29,3,13
3,29,"Peptic ulcer",10.6774193548387,2020-03-29,3,13
3,29,"Diseases of appendix",1,2020-03-29,3,13
3,29,"Hernia",6.64516129032258,2020-03-29,3,13
3,29,"Liver Disease",117.677419354839,2020-03-29,3,13
3,29,"Gallbladder Disease",8.96774193548387,2020-03-29,3,13
3,29,"Kidney Disease",146.258064516129,2020-03-29,3,13
3,29,"Infections of kidney",2.41935483870968,2020-03-29,3,13
3,29,"Prostate Disease",1.61290322580645,2020-03-29,3,13
3,29,"Inflammatory Pelvic Disease",0.419354838709677,2020-03-29,3,13
3,29,"Pregnancy & Childbirth",2.96774193548387,2020-03-29,3,13
3,29,"Infant Death",30.5806451612903,2020-03-29,3,13
3,29,"Congenital Abnormalities",27.8709677419355,2020-03-29,3,13
3,29,"Transport accidents",103.741935483871,2020-03-29,3,13
3,29,"Falls",102.967741935484,2020-03-29,3,13
3,29,"Firearm (Accidental)",1.03225806451613,2020-03-29,3,13
3,29,"Drowning",6.83870967741935,2020-03-29,3,13
3,29,"Smoke and Fire",10.2903225806452,2020-03-29,3,13
3,29,"Drug Overdose & Poisoning",173.41935483871,2020-03-29,3,13
3,29,"Other Non-Transport Accidents",50.9354838709677,2020-03-29,3,13
3,29,"Suicide",129.387096774194,2020-03-29,3,13
3,29,"Homicide",46.741935483871,2020-03-29,3,13
3,29,"Legal intervention",1.96774193548387,2020-03-29,3,13
3,29,"Events of undetermined intent",16.8387096774194,2020-03-29,3,13
3,29,"War",0.032258064516129,2020-03-29,3,13
3,29,"Medical/Surgical Complications",11.9677419354839,2020-03-29,3,13
3,29,"Enterocolitis (C-diff)",17.0322580645161,2020-03-29,3,13
4,1,"Salmonella infections",0.0666666666666667,2020-04-01,3,14
4,1,"Certain Intestinal Infections (other)",22.9,2020-04-01,3,14
4,1,"Tuberculosis",1.2,2020-04-01,3,14
4,1,"Whooping cough",0.1,2020-04-01,3,14
4,1,"Meningococcal infection",0.1,2020-04-01,3,14
4,1,"Septicemia",109.266666666667,2020-04-01,3,14
4,1,"Syphilis",0.0666666666666667,2020-04-01,3,14
4,1,"Viral hepatitis",13.9666666666667,2020-04-01,3,14
4,1,"HIV/AIDS",15.0333333333333,2020-04-01,3,14
4,1,"Malaria",0.0333333333333333,2020-04-01,3,14
4,1,"Infectious & Parasitic Diseases (other)",20.8666666666667,2020-04-01,3,14
4,1,"Cancer",1626.2,2020-04-01,3,14
4,1,"Other Cancers",44.3666666666667,2020-04-01,3,14
4,1,"Anemias",14.8666666666667,2020-04-01,3,14
4,1,"Diabetes",234.4,2020-04-01,3,14
4,1,"Nutritional deficiencies",25.6666666666667,2020-04-01,3,14
4,1,"Meningitis",1.96666666666667,2020-04-01,3,14
4,1,"Parkinson disease",90,2020-04-01,3,14
4,1,"Alzheimer's Disease",330.066666666667,2020-04-01,3,14
4,1,"Heart Disease",2384.5,2020-04-01,3,14
4,1,"Circulatory Diseases (other)",12.6666666666667,2020-04-01,3,14
4,1,"Influenza and pneumonia",154.433333333333,2020-04-01,3,14
4,1,"Acute Lower Respiratory Infection (other)",0.733333333333333,2020-04-01,3,14
4,1,"Chronic Lower Respiratory Disease",461.9,2020-04-01,3,14
4,1,"Pneumoconioses and chemical effects",1.83333333333333,2020-04-01,3,14
4,1,"Pneumonitis due to solids and liquids",54.3,2020-04-01,3,14
4,1,"Respiratory Disease (other)",122.933333333333,2020-04-01,3,14
4,1,"Peptic ulcer",9.06666666666667,2020-04-01,3,14
4,1,"Diseases of appendix",0.9,2020-04-01,3,14
4,1,"Hernia",5.43333333333333,2020-04-01,3,14
4,1,"Liver Disease",116,2020-04-01,3,14
4,1,"Gallbladder Disease",10.7,2020-04-01,3,14
4,1,"Kidney Disease",140.633333333333,2020-04-01,3,14
4,1,"Infections of kidney",2.83333333333333,2020-04-01,3,14
4,1,"Prostate Disease",1.93333333333333,2020-04-01,3,14
4,1,"Inflammatory Pelvic Disease",0.433333333333333,2020-04-01,3,14
4,1,"Pregnancy & Childbirth",2.46666666666667,2020-04-01,3,14
4,1,"Infant Death",28.6666666666667,2020-04-01,3,14
4,1,"Congenital Abnormalities",28.1333333333333,2020-04-01,3,14
4,1,"Transport accidents",106.466666666667,2020-04-01,3,14
4,1,"Falls",100.2,2020-04-01,3,14
4,1,"Firearm (Accidental)",1.2,2020-04-01,3,14
4,1,"Drowning",8.23333333333333,2020-04-01,3,14
4,1,"Smoke and Fire",8.36666666666667,2020-04-01,3,14
4,1,"Drug Overdose & Poisoning",170.8,2020-04-01,3,14
4,1,"Other Non-Transport Accidents",47.2333333333333,2020-04-01,3,14
4,1,"Suicide",130.666666666667,2020-04-01,3,14
4,1,"Homicide",52.4,2020-04-01,3,14
4,1,"Legal intervention",1.7,2020-04-01,3,14
4,1,"Events of undetermined intent",16.1333333333333,2020-04-01,3,14
4,1,"War",0.0666666666666667,2020-04-01,3,14
4,1,"Medical/Surgical Complications",12.5666666666667,2020-04-01,3,14
4,1,"Enterocolitis (C-diff)",15.9666666666667,2020-04-01,3,14
4,8,"Salmonella infections",0.0666666666666667,2020-04-08,3,15
4,8,"Certain Intestinal Infections (other)",22.9,2020-04-08,3,15
4,8,"Tuberculosis",1.2,2020-04-08,3,15
4,8,"Whooping cough",0.1,2020-04-08,3,15
4,8,"Meningococcal infection",0.1,2020-04-08,3,15
4,8,"Septicemia",109.266666666667,2020-04-08,3,15
4,8,"Syphilis",0.0666666666666667,2020-04-08,3,15
4,8,"Viral hepatitis",13.9666666666667,2020-04-08,3,15
4,8,"HIV/AIDS",15.0333333333333,2020-04-08,3,15
4,8,"Malaria",0.0333333333333333,2020-04-08,3,15
4,8,"Infectious & Parasitic Diseases (other)",20.8666666666667,2020-04-08,3,15
4,8,"Cancer",1626.2,2020-04-08,3,15
4,8,"Other Cancers",44.3666666666667,2020-04-08,3,15
4,8,"Anemias",14.8666666666667,2020-04-08,3,15
4,8,"Diabetes",234.4,2020-04-08,3,15
4,8,"Nutritional deficiencies",25.6666666666667,2020-04-08,3,15
4,8,"Meningitis",1.96666666666667,2020-04-08,3,15
4,8,"Parkinson disease",90,2020-04-08,3,15
4,8,"Alzheimer's Disease",330.066666666667,2020-04-08,3,15
4,8,"Heart Disease",2384.5,2020-04-08,3,15
4,8,"Circulatory Diseases (other)",12.6666666666667,2020-04-08,3,15
4,8,"Influenza and pneumonia",154.433333333333,2020-04-08,3,15
4,8,"Acute Lower Respiratory Infection (other)",0.733333333333333,2020-04-08,3,15
4,8,"Chronic Lower Respiratory Disease",461.9,2020-04-08,3,15
4,8,"Pneumoconioses and chemical effects",1.83333333333333,2020-04-08,3,15
4,8,"Pneumonitis due to solids and liquids",54.3,2020-04-08,3,15
4,8,"Respiratory Disease (other)",122.933333333333,2020-04-08,3,15
4,8,"Peptic ulcer",9.06666666666667,2020-04-08,3,15
4,8,"Diseases of appendix",0.9,2020-04-08,3,15
4,8,"Hernia",5.43333333333333,2020-04-08,3,15
4,8,"Liver Disease",116,2020-04-08,3,15
4,8,"Gallbladder Disease",10.7,2020-04-08,3,15
4,8,"Kidney Disease",140.633333333333,2020-04-08,3,15
4,8,"Infections of kidney",2.83333333333333,2020-04-08,3,15
4,8,"Prostate Disease",1.93333333333333,2020-04-08,3,15
4,8,"Inflammatory Pelvic Disease",0.433333333333333,2020-04-08,3,15
4,8,"Pregnancy & Childbirth",2.46666666666667,2020-04-08,3,15
4,8,"Infant Death",28.6666666666667,2020-04-08,3,15
4,8,"Congenital Abnormalities",28.1333333333333,2020-04-08,3,15
4,8,"Transport accidents",106.466666666667,2020-04-08,3,15
4,8,"Falls",100.2,2020-04-08,3,15
4,8,"Firearm (Accidental)",1.2,2020-04-08,3,15
4,8,"Drowning",8.23333333333333,2020-04-08,3,15
4,8,"Smoke and Fire",8.36666666666667,2020-04-08,3,15
4,8,"Drug Overdose & Poisoning",170.8,2020-04-08,3,15
4,8,"Other Non-Transport Accidents",47.2333333333333,2020-04-08,3,15
4,8,"Suicide",130.666666666667,2020-04-08,3,15
4,8,"Homicide",52.4,2020-04-08,3,15
4,8,"Legal intervention",1.7,2020-04-08,3,15
4,8,"Events of undetermined intent",16.1333333333333,2020-04-08,3,15
4,8,"War",0.0666666666666667,2020-04-08,3,15
4,8,"Medical/Surgical Complications",12.5666666666667,2020-04-08,3,15
4,8,"Enterocolitis (C-diff)",15.9666666666667,2020-04-08,3,15
4,15,"Salmonella infections",0.0666666666666667,2020-04-15,3,16
4,15,"Certain Intestinal Infections (other)",22.9,2020-04-15,3,16
4,15,"Tuberculosis",1.2,2020-04-15,3,16
4,15,"Whooping cough",0.1,2020-04-15,3,16
4,15,"Meningococcal infection",0.1,2020-04-15,3,16
4,15,"Septicemia",109.266666666667,2020-04-15,3,16
4,15,"Syphilis",0.0666666666666667,2020-04-15,3,16
4,15,"Viral hepatitis",13.9666666666667,2020-04-15,3,16
4,15,"HIV/AIDS",15.0333333333333,2020-04-15,3,16
4,15,"Malaria",0.0333333333333333,2020-04-15,3,16
4,15,"Infectious & Parasitic Diseases (other)",20.8666666666667,2020-04-15,3,16
4,15,"Cancer",1626.2,2020-04-15,3,16
4,15,"Other Cancers",44.3666666666667,2020-04-15,3,16
4,15,"Anemias",14.8666666666667,2020-04-15,3,16
4,15,"Diabetes",234.4,2020-04-15,3,16
4,15,"Nutritional deficiencies",25.6666666666667,2020-04-15,3,16
4,15,"Meningitis",1.96666666666667,2020-04-15,3,16
4,15,"Parkinson disease",90,2020-04-15,3,16
4,15,"Alzheimer's Disease",330.066666666667,2020-04-15,3,16
4,15,"Heart Disease",2384.5,2020-04-15,3,16
4,15,"Circulatory Diseases (other)",12.6666666666667,2020-04-15,3,16
4,15,"Influenza and pneumonia",154.433333333333,2020-04-15,3,16
4,15,"Acute Lower Respiratory Infection (other)",0.733333333333333,2020-04-15,3,16
4,15,"Chronic Lower Respiratory Disease",461.9,2020-04-15,3,16
4,15,"Pneumoconioses and chemical effects",1.83333333333333,2020-04-15,3,16
4,15,"Pneumonitis due to solids and liquids",54.3,2020-04-15,3,16
4,15,"Respiratory Disease (other)",122.933333333333,2020-04-15,3,16
4,15,"Peptic ulcer",9.06666666666667,2020-04-15,3,16
4,15,"Diseases of appendix",0.9,2020-04-15,3,16
4,15,"Hernia",5.43333333333333,2020-04-15,3,16
4,15,"Liver Disease",116,2020-04-15,3,16
4,15,"Gallbladder Disease",10.7,2020-04-15,3,16
4,15,"Kidney Disease",140.633333333333,2020-04-15,3,16
4,15,"Infections of kidney",2.83333333333333,2020-04-15,3,16
4,15,"Prostate Disease",1.93333333333333,2020-04-15,3,16
4,15,"Inflammatory Pelvic Disease",0.433333333333333,2020-04-15,3,16
4,15,"Pregnancy & Childbirth",2.46666666666667,2020-04-15,3,16
4,15,"Infant Death",28.6666666666667,2020-04-15,3,16
4,15,"Congenital Abnormalities",28.1333333333333,2020-04-15,3,16
4,15,"Transport accidents",106.466666666667,2020-04-15,3,16
4,15,"Falls",100.2,2020-04-15,3,16
4,15,"Firearm (Accidental)",1.2,2020-04-15,3,16
4,15,"Drowning",8.23333333333333,2020-04-15,3,16
4,15,"Smoke and Fire",8.36666666666667,2020-04-15,3,16
4,15,"Drug Overdose & Poisoning",170.8,2020-04-15,3,16
4,15,"Other Non-Transport Accidents",47.2333333333333,2020-04-15,3,16
4,15,"Suicide",130.666666666667,2020-04-15,3,16
4,15,"Homicide",52.4,2020-04-15,3,16
4,15,"Legal intervention",1.7,2020-04-15,3,16
4,15,"Events of undetermined intent",16.1333333333333,2020-04-15,3,16
4,15,"War",0.0666666666666667,2020-04-15,3,16
4,15,"Medical/Surgical Complications",12.5666666666667,2020-04-15,3,16
4,15,"Enterocolitis (C-diff)",15.9666666666667,2020-04-15,3,16
4,16,"Salmonella infections",0.0666666666666667,2020-04-16,3,17
4,16,"Certain Intestinal Infections (other)",22.9,2020-04-16,3,17
4,16,"Tuberculosis",1.2,2020-04-16,3,17
4,16,"Whooping cough",0.1,2020-04-16,3,17
4,16,"Meningococcal infection",0.1,2020-04-16,3,17
4,16,"Septicemia",109.266666666667,2020-04-16,3,17
4,16,"Syphilis",0.0666666666666667,2020-04-16,3,17
4,16,"Viral hepatitis",13.9666666666667,2020-04-16,3,17
4,16,"HIV/AIDS",15.0333333333333,2020-04-16,3,17
4,16,"Malaria",0.0333333333333333,2020-04-16,3,17
4,16,"Infectious & Parasitic Diseases (other)",20.8666666666667,2020-04-16,3,17
4,16,"Cancer",1626.2,2020-04-16,3,17
4,16,"Other Cancers",44.3666666666667,2020-04-16,3,17
4,16,"Anemias",14.8666666666667,2020-04-16,3,17
4,16,"Diabetes",234.4,2020-04-16,3,17
4,16,"Nutritional deficiencies",25.6666666666667,2020-04-16,3,17
4,16,"Meningitis",1.96666666666667,2020-04-16,3,17
4,16,"Parkinson disease",90,2020-04-16,3,17
4,16,"Alzheimer's Disease",330.066666666667,2020-04-16,3,17
4,16,"Heart Disease",2384.5,2020-04-16,3,17
4,16,"Circulatory Diseases (other)",12.6666666666667,2020-04-16,3,17
4,16,"Influenza and pneumonia",154.433333333333,2020-04-16,3,17
4,16,"Acute Lower Respiratory Infection (other)",0.733333333333333,2020-04-16,3,17
4,16,"Chronic Lower Respiratory Disease",461.9,2020-04-16,3,17
4,16,"Pneumoconioses and chemical effects",1.83333333333333,2020-04-16,3,17
4,16,"Pneumonitis due to solids and liquids",54.3,2020-04-16,3,17
4,16,"Respiratory Disease (other)",122.933333333333,2020-04-16,3,17
4,16,"Peptic ulcer",9.06666666666667,2020-04-16,3,17
4,16,"Diseases of appendix",0.9,2020-04-16,3,17
4,16,"Hernia",5.43333333333333,2020-04-16,3,17
4,16,"Liver Disease",116,2020-04-16,3,17
4,16,"Gallbladder Disease",10.7,2020-04-16,3,17
4,16,"Kidney Disease",140.633333333333,2020-04-16,3,17
4,16,"Infections of kidney",2.83333333333333,2020-04-16,3,17
4,16,"Prostate Disease",1.93333333333333,2020-04-16,3,17
4,16,"Inflammatory Pelvic Disease",0.433333333333333,2020-04-16,3,17
4,16,"Pregnancy & Childbirth",2.46666666666667,2020-04-16,3,17
4,16,"Infant Death",28.6666666666667,2020-04-16,3,17
4,16,"Congenital Abnormalities",28.1333333333333,2020-04-16,3,17
4,16,"Transport accidents",106.466666666667,2020-04-16,3,17
4,16,"Falls",100.2,2020-04-16,3,17
4,16,"Firearm (Accidental)",1.2,2020-04-16,3,17
4,16,"Drowning",8.23333333333333,2020-04-16,3,17
4,16,"Smoke and Fire",8.36666666666667,2020-04-16,3,17
4,16,"Drug Overdose & Poisoning",170.8,2020-04-16,3,17
4,16,"Other Non-Transport Accidents",47.2333333333333,2020-04-16,3,17
4,16,"Suicide",130.666666666667,2020-04-16,3,17
4,16,"Homicide",52.4,2020-04-16,3,17
4,16,"Legal intervention",1.7,2020-04-16,3,17
4,16,"Events of undetermined intent",16.1333333333333,2020-04-16,3,17
4,16,"War",0.0666666666666667,2020-04-16,3,17
4,16,"Medical/Surgical Complications",12.5666666666667,2020-04-16,3,17
4,16,"Enterocolitis (C-diff)",15.9666666666667,2020-04-16,3,17
4,17,"Salmonella infections",0.0666666666666667,2020-04-17,3,18
4,17,"Certain Intestinal Infections (other)",22.9,2020-04-17,3,18
4,17,"Tuberculosis",1.2,2020-04-17,3,18
4,17,"Whooping cough",0.1,2020-04-17,3,18
4,17,"Meningococcal infection",0.1,2020-04-17,3,18
4,17,"Septicemia",109.266666666667,2020-04-17,3,18
4,17,"Syphilis",0.0666666666666667,2020-04-17,3,18
4,17,"Viral hepatitis",13.9666666666667,2020-04-17,3,18
4,17,"HIV/AIDS",15.0333333333333,2020-04-17,3,18
4,17,"Malaria",0.0333333333333333,2020-04-17,3,18
4,17,"Infectious & Parasitic Diseases (other)",20.8666666666667,2020-04-17,3,18
4,17,"Cancer",1626.2,2020-04-17,3,18
4,17,"Other Cancers",44.3666666666667,2020-04-17,3,18
4,17,"Anemias",14.8666666666667,2020-04-17,3,18
4,17,"Diabetes",234.4,2020-04-17,3,18
4,17,"Nutritional deficiencies",25.6666666666667,2020-04-17,3,18
4,17,"Meningitis",1.96666666666667,2020-04-17,3,18
4,17,"Parkinson disease",90,2020-04-17,3,18
4,17,"Alzheimer's Disease",330.066666666667,2020-04-17,3,18
4,17,"Heart Disease",2384.5,2020-04-17,3,18
4,17,"Circulatory Diseases (other)",12.6666666666667,2020-04-17,3,18
4,17,"Influenza and pneumonia",154.433333333333,2020-04-17,3,18
4,17,"Acute Lower Respiratory Infection (other)",0.733333333333333,2020-04-17,3,18
4,17,"Chronic Lower Respiratory Disease",461.9,2020-04-17,3,18
4,17,"Pneumoconioses and chemical effects",1.83333333333333,2020-04-17,3,18
4,17,"Pneumonitis due to solids and liquids",54.3,2020-04-17,3,18
4,17,"Respiratory Disease (other)",122.933333333333,2020-04-17,3,18
4,17,"Peptic ulcer",9.06666666666667,2020-04-17,3,18
4,17,"Diseases of appendix",0.9,2020-04-17,3,18
4,17,"Hernia",5.43333333333333,2020-04-17,3,18
4,17,"Liver Disease",116,2020-04-17,3,18
4,17,"Gallbladder Disease",10.7,2020-04-17,3,18
4,17,"Kidney Disease",140.633333333333,2020-04-17,3,18
4,17,"Infections of kidney",2.83333333333333,2020-04-17,3,18
4,17,"Prostate Disease",1.93333333333333,2020-04-17,3,18
4,17,"Inflammatory Pelvic Disease",0.433333333333333,2020-04-17,3,18
4,17,"Pregnancy & Childbirth",2.46666666666667,2020-04-17,3,18
4,17,"Infant Death",28.6666666666667,2020-04-17,3,18
4,17,"Congenital Abnormalities",28.1333333333333,2020-04-17,3,18
4,17,"Transport accidents",106.466666666667,2020-04-17,3,18
4,17,"Falls",100.2,2020-04-17,3,18
4,17,"Firearm (Accidental)",1.2,2020-04-17,3,18
4,17,"Drowning",8.23333333333333,2020-04-17,3,18
4,17,"Smoke and Fire",8.36666666666667,2020-04-17,3,18
4,17,"Drug Overdose & Poisoning",170.8,2020-04-17,3,18
4,17,"Other Non-Transport Accidents",47.2333333333333,2020-04-17,3,18
4,17,"Suicide",130.666666666667,2020-04-17,3,18
4,17,"Homicide",52.4,2020-04-17,3,18
4,17,"Legal intervention",1.7,2020-04-17,3,18
4,17,"Events of undetermined intent",16.1333333333333,2020-04-17,3,18
4,17,"War",0.0666666666666667,2020-04-17,3,18
4,17,"Medical/Surgical Complications",12.5666666666667,2020-04-17,3,18
4,17,"Enterocolitis (C-diff)",15.9666666666667,2020-04-17,3,18
4,18,"Salmonella infections",0.0666666666666667,2020-04-18,3,19
4,18,"Certain Intestinal Infections (other)",22.9,2020-04-18,3,19
4,18,"Tuberculosis",1.2,2020-04-18,3,19
4,18,"Whooping cough",0.1,2020-04-18,3,19
4,18,"Meningococcal infection",0.1,2020-04-18,3,19
4,18,"Septicemia",109.266666666667,2020-04-18,3,19
4,18,"Syphilis",0.0666666666666667,2020-04-18,3,19
4,18,"Viral hepatitis",13.9666666666667,2020-04-18,3,19
4,18,"HIV/AIDS",15.0333333333333,2020-04-18,3,19
4,18,"Malaria",0.0333333333333333,2020-04-18,3,19
4,18,"Infectious & Parasitic Diseases (other)",20.8666666666667,2020-04-18,3,19
4,18,"Cancer",1626.2,2020-04-18,3,19
4,18,"Other Cancers",44.3666666666667,2020-04-18,3,19
4,18,"Anemias",14.8666666666667,2020-04-18,3,19
4,18,"Diabetes",234.4,2020-04-18,3,19
4,18,"Nutritional deficiencies",25.6666666666667,2020-04-18,3,19
4,18,"Meningitis",1.96666666666667,2020-04-18,3,19
4,18,"Parkinson disease",90,2020-04-18,3,19
4,18,"Alzheimer's Disease",330.066666666667,2020-04-18,3,19
4,18,"Heart Disease",2384.5,2020-04-18,3,19
4,18,"Circulatory Diseases (other)",12.6666666666667,2020-04-18,3,19
4,18,"Influenza and pneumonia",154.433333333333,2020-04-18,3,19
4,18,"Acute Lower Respiratory Infection (other)",0.733333333333333,2020-04-18,3,19
4,18,"Chronic Lower Respiratory Disease",461.9,2020-04-18,3,19
4,18,"Pneumoconioses and chemical effects",1.83333333333333,2020-04-18,3,19
4,18,"Pneumonitis due to solids and liquids",54.3,2020-04-18,3,19
4,18,"Respiratory Disease (other)",122.933333333333,2020-04-18,3,19
4,18,"Peptic ulcer",9.06666666666667,2020-04-18,3,19
4,18,"Diseases of appendix",0.9,2020-04-18,3,19
4,18,"Hernia",5.43333333333333,2020-04-18,3,19
4,18,"Liver Disease",116,2020-04-18,3,19
4,18,"Gallbladder Disease",10.7,2020-04-18,3,19
4,18,"Kidney Disease",140.633333333333,2020-04-18,3,19
4,18,"Infections of kidney",2.83333333333333,2020-04-18,3,19
4,18,"Prostate Disease",1.93333333333333,2020-04-18,3,19
4,18,"Inflammatory Pelvic Disease",0.433333333333333,2020-04-18,3,19
4,18,"Pregnancy & Childbirth",2.46666666666667,2020-04-18,3,19
4,18,"Infant Death",28.6666666666667,2020-04-18,3,19
4,18,"Congenital Abnormalities",28.1333333333333,2020-04-18,3,19
4,18,"Transport accidents",106.466666666667,2020-04-18,3,19
4,18,"Falls",100.2,2020-04-18,3,19
4,18,"Firearm (Accidental)",1.2,2020-04-18,3,19
4,18,"Drowning",8.23333333333333,2020-04-18,3,19
4,18,"Smoke and Fire",8.36666666666667,2020-04-18,3,19
4,18,"Drug Overdose & Poisoning",170.8,2020-04-18,3,19
4,18,"Other Non-Transport Accidents",47.2333333333333,2020-04-18,3,19
4,18,"Suicide",130.666666666667,2020-04-18,3,19
4,18,"Homicide",52.4,2020-04-18,3,19
4,18,"Legal intervention",1.7,2020-04-18,3,19
4,18,"Events of undetermined intent",16.1333333333333,2020-04-18,3,19
4,18,"War",0.0666666666666667,2020-04-18,3,19
4,18,"Medical/Surgical Complications",12.5666666666667,2020-04-18,3,19
4,18,"Enterocolitis (C-diff)",15.9666666666667,2020-04-18,3,19
4,19,"Salmonella infections",0.0666666666666667,2020-04-19,3,20
4,19,"Certain Intestinal Infections (other)",22.9,2020-04-19,3,20
4,19,"Tuberculosis",1.2,2020-04-19,3,20
4,19,"Whooping cough",0.1,2020-04-19,3,20
4,19,"Meningococcal infection",0.1,2020-04-19,3,20
4,19,"Septicemia",109.266666666667,2020-04-19,3,20
4,19,"Syphilis",0.0666666666666667,2020-04-19,3,20
4,19,"Viral hepatitis",13.9666666666667,2020-04-19,3,20
4,19,"HIV/AIDS",15.0333333333333,2020-04-19,3,20
4,19,"Malaria",0.0333333333333333,2020-04-19,3,20
4,19,"Infectious & Parasitic Diseases (other)",20.8666666666667,2020-04-19,3,20
4,19,"Cancer",1626.2,2020-04-19,3,20
4,19,"Other Cancers",44.3666666666667,2020-04-19,3,20
4,19,"Anemias",14.8666666666667,2020-04-19,3,20
4,19,"Diabetes",234.4,2020-04-19,3,20
4,19,"Nutritional deficiencies",25.6666666666667,2020-04-19,3,20
4,19,"Meningitis",1.96666666666667,2020-04-19,3,20
4,19,"Parkinson disease",90,2020-04-19,3,20
4,19,"Alzheimer's Disease",330.066666666667,2020-04-19,3,20
4,19,"Heart Disease",2384.5,2020-04-19,3,20
4,19,"Circulatory Diseases (other)",12.6666666666667,2020-04-19,3,20
4,19,"Influenza and pneumonia",154.433333333333,2020-04-19,3,20
4,19,"Acute Lower Respiratory Infection (other)",0.733333333333333,2020-04-19,3,20
4,19,"Chronic Lower Respiratory Disease",461.9,2020-04-19,3,20
4,19,"Pneumoconioses and chemical effects",1.83333333333333,2020-04-19,3,20
4,19,"Pneumonitis due to solids and liquids",54.3,2020-04-19,3,20
4,19,"Respiratory Disease (other)",122.933333333333,2020-04-19,3,20
4,19,"Peptic ulcer",9.06666666666667,2020-04-19,3,20
4,19,"Diseases of appendix",0.9,2020-04-19,3,20
4,19,"Hernia",5.43333333333333,2020-04-19,3,20
4,19,"Liver Disease",116,2020-04-19,3,20
4,19,"Gallbladder Disease",10.7,2020-04-19,3,20
4,19,"Kidney Disease",140.633333333333,2020-04-19,3,20
4,19,"Infections of kidney",2.83333333333333,2020-04-19,3,20
4,19,"Prostate Disease",1.93333333333333,2020-04-19,3,20
4,19,"Inflammatory Pelvic Disease",0.433333333333333,2020-04-19,3,20
4,19,"Pregnancy & Childbirth",2.46666666666667,2020-04-19,3,20
4,19,"Infant Death",28.6666666666667,2020-04-19,3,20
4,19,"Congenital Abnormalities",28.1333333333333,2020-04-19,3,20
4,19,"Transport accidents",106.466666666667,2020-04-19,3,20
4,19,"Falls",100.2,2020-04-19,3,20
4,19,"Firearm (Accidental)",1.2,2020-04-19,3,20
4,19,"Drowning",8.23333333333333,2020-04-19,3,20
4,19,"Smoke and Fire",8.36666666666667,2020-04-19,3,20
4,19,"Drug Overdose & Poisoning",170.8,2020-04-19,3,20
4,19,"Other Non-Transport Accidents",47.2333333333333,2020-04-19,3,20
4,19,"Suicide",130.666666666667,2020-04-19,3,20
4,19,"Homicide",52.4,2020-04-19,3,20
4,19,"Legal intervention",1.7,2020-04-19,3,20
4,19,"Events of undetermined intent",16.1333333333333,2020-04-19,3,20
4,19,"War",0.0666666666666667,2020-04-19,3,20
4,19,"Medical/Surgical Complications",12.5666666666667,2020-04-19,3,20
4,19,"Enterocolitis (C-diff)",15.9666666666667,2020-04-19,3,20
4,20,"Salmonella infections",0.0666666666666667,2020-04-20,3,21
4,20,"Certain Intestinal Infections (other)",22.9,2020-04-20,3,21
4,20,"Tuberculosis",1.2,2020-04-20,3,21
4,20,"Whooping cough",0.1,2020-04-20,3,21
4,20,"Meningococcal infection",0.1,2020-04-20,3,21
4,20,"Septicemia",109.266666666667,2020-04-20,3,21
4,20,"Syphilis",0.0666666666666667,2020-04-20,3,21
4,20,"Viral hepatitis",13.9666666666667,2020-04-20,3,21
4,20,"HIV/AIDS",15.0333333333333,2020-04-20,3,21
4,20,"Malaria",0.0333333333333333,2020-04-20,3,21
4,20,"Infectious & Parasitic Diseases (other)",20.8666666666667,2020-04-20,3,21
4,20,"Cancer",1626.2,2020-04-20,3,21
4,20,"Other Cancers",44.3666666666667,2020-04-20,3,21
4,20,"Anemias",14.8666666666667,2020-04-20,3,21
4,20,"Diabetes",234.4,2020-04-20,3,21
4,20,"Nutritional deficiencies",25.6666666666667,2020-04-20,3,21
4,20,"Meningitis",1.96666666666667,2020-04-20,3,21
4,20,"Parkinson disease",90,2020-04-20,3,21
4,20,"Alzheimer's Disease",330.066666666667,2020-04-20,3,21
4,20,"Heart Disease",2384.5,2020-04-20,3,21
4,20,"Circulatory Diseases (other)",12.6666666666667,2020-04-20,3,21
4,20,"Influenza and pneumonia",154.433333333333,2020-04-20,3,21
4,20,"Acute Lower Respiratory Infection (other)",0.733333333333333,2020-04-20,3,21
4,20,"Chronic Lower Respiratory Disease",461.9,2020-04-20,3,21
4,20,"Pneumoconioses and chemical effects",1.83333333333333,2020-04-20,3,21
4,20,"Pneumonitis due to solids and liquids",54.3,2020-04-20,3,21
4,20,"Respiratory Disease (other)",122.933333333333,2020-04-20,3,21
4,20,"Peptic ulcer",9.06666666666667,2020-04-20,3,21
4,20,"Diseases of appendix",0.9,2020-04-20,3,21
4,20,"Hernia",5.43333333333333,2020-04-20,3,21
4,20,"Liver Disease",116,2020-04-20,3,21
4,20,"Gallbladder Disease",10.7,2020-04-20,3,21
4,20,"Kidney Disease",140.633333333333,2020-04-20,3,21
4,20,"Infections of kidney",2.83333333333333,2020-04-20,3,21
4,20,"Prostate Disease",1.93333333333333,2020-04-20,3,21
4,20,"Inflammatory Pelvic Disease",0.433333333333333,2020-04-20,3,21
4,20,"Pregnancy & Childbirth",2.46666666666667,2020-04-20,3,21
4,20,"Infant Death",28.6666666666667,2020-04-20,3,21
4,20,"Congenital Abnormalities",28.1333333333333,2020-04-20,3,21
4,20,"Transport accidents",106.466666666667,2020-04-20,3,21
4,20,"Falls",100.2,2020-04-20,3,21
4,20,"Firearm (Accidental)",1.2,2020-04-20,3,21
4,20,"Drowning",8.23333333333333,2020-04-20,3,21
4,20,"Smoke and Fire",8.36666666666667,2020-04-20,3,21
4,20,"Drug Overdose & Poisoning",170.8,2020-04-20,3,21
4,20,"Other Non-Transport Accidents",47.2333333333333,2020-04-20,3,21
4,20,"Suicide",130.666666666667,2020-04-20,3,21
4,20,"Homicide",52.4,2020-04-20,3,21
4,20,"Legal intervention",1.7,2020-04-20,3,21
4,20,"Events of undetermined intent",16.1333333333333,2020-04-20,3,21
4,20,"War",0.0666666666666667,2020-04-20,3,21
4,20,"Medical/Surgical Complications",12.5666666666667,2020-04-20,3,21
4,20,"Enterocolitis (C-diff)",15.9666666666667,2020-04-20,3,21
2,1,"COVID-19",0,2020-02-01,2,1
2,2,"COVID-19",0,2020-02-02,1,2
2,3,"COVID-19",0,2020-02-03,1,3
2,4,"COVID-19",0,2020-02-04,1,4
2,5,"COVID-19",0,2020-02-05,1,5
2,6,"COVID-19",0,2020-02-06,1,6
3,1,"COVID-19",1,2020-03-01,2,7
3,2,"COVID-19",1,2020-03-02,2,8
3,19,"COVID-19",42,2020-03-19,2,9
3,21,"COVID-19",110,2020-03-21,2,10
3,25,"COVID-19",211,2020-03-25,2,11
3,26,"COVID-19",249,2020-03-26,2,12
3,29,"COVID-19",484,2020-03-29,2,13
4,1,"COVID-19",909,2020-04-01,2,14
4,8,"COVID-19",1906,2020-04-08,2,15
4,15,"COVID-19",2408,2020-04-15,2,16
4,16,"COVID-19",4928,2020-04-16,2,17
4,17,"COVID-19",2299,2020-04-17,2,18
4,18,"COVID-19",3770,2020-04-18,2,19
4,19,"COVID-19",1856,2020-04-19,2,20
4,20,"COVID-19",1772,2020-04-20,2,21
